Pitcher,Primary,Secondary,Chase Rate,xChase Rate
Abbott Cory, FF, SL,28.1,28.521208
Abreu Albert, SI, SL,23.2,23.695234
Abreu Albert, SI, FF,20.9,20.795542
Abreu Albert, SI, CH,31.8,32.08505
Abreu Bryan, FF, SL,40.7,40.833492
Acevedo Domingo, FF, SL,38.1,37.291904
Acevedo Domingo, FF, CH,42.0,41.736633
Adam Jason, SL, CH,38.5,38.273685
Adam Jason, SL, FF,27.2,27.077944
Adon Joan, FF, CU,24.0,23.808107
Adon Joan, FF, CH,30.5,30.597591
Akin Keegan, FF, SL,37.6,36.872646
Akin Keegan, FF, CH,32.0,32.48468
Alcantara Sandy, CH, FF,27.5,27.005335
Alcantara Sandy, CH, SI,35.4,35.322678
Alcantara Sandy, CH, SL,28.6,28.463
Alexander Jason, SI, SL,20.7,21.455242
Alexander Jason, SI, CH,31.8,32.05812
Alexander Tyler, FC, FF,28.0,27.645046
Alexander Tyler, FC, SI,18.3,18.345581
Alexander Tyler, FC, CH,35.1,35.576214
Alexander Tyler, FC, SL,35.4,34.9813
Allard Kolby, FF, FC,22.2,22.23172
Almonte Yency, SL, SI,26.4,26.716366
Alvarado José, SI, FC,42.7,42.39815
Anderson Ian, FF, CH,39.6,39.234215
Anderson Ian, FF, CU,24.1,25.661438
Anderson Tyler, FF, CH,45.0,44.612595
Anderson Tyler, FF, FC,41.8,41.007225
Anderson Tyler, FF, SI,17.9,17.998974
Arano Víctor, SL, SI,38.5,37.969482
Archer Chris, SL, FF,13.2,13.346653
Archer Chris, SL, CH,36.2,35.286552
Archer Chris, SL, CU,6.3,6.575603
Armstrong Shawn, SI, FF,34.5,34.0855
Armstrong Shawn, SI, FC,29.0,29.852657
Armstrong Shawn, SI, SL,40.0,39.539635
Ashby Aaron, SI, SL,34.7,34.781178
Ashby Aaron, SI, CH,32.1,31.582106
Ashby Aaron, SI, CU,24.5,24.79172
Ashby Aaron, SI, FF,23.1,23.087473
Ashcraft Graham, FC, SL,30.5,30.64906
Ashcraft Graham, FC, SI,20.1,20.01372
Baker Bryan, FF, FC,23.4,24.0341
Baker Bryan, FF, CH,12.2,12.593718
Banda Anthony, CH, FF,28.2,27.742607
Banda Anthony, CH, SI,29.0,28.78308
Banks Tanner, FF, SL,32.0,32.60597
Banks Tanner, FF, CH,36.8,35.891598
Bard Daniel, SI, SL,29.4,29.454817
Bard Luke, FF, SL,26.9,27.355654
Barlow Joe, SL, FF,31.7,30.948418
Barlow Scott, SL, CU,47.7,47.44606
Barlow Scott, SL, FF,24.7,25.041862
Barnes Jacob, FF, FC,26.1,26.314896
Barnes Matt, KC, FF,25.7,25.67248
Barraclough Kyle, FF, SL,40.5,39.905155
Barría Jaime, SL, FF,26.0,25.704096
Barría Jaime, SL, SI,35.2,34.856148
Barría Jaime, SL, CH,31.7,31.640556
Bass Anthony, SL, SI,28.6,28.192219
Bass Anthony, SL, FF,14.3,14.453387
Bassitt Chris, SI, SL,26.8,26.769861
Bassitt Chris, SI, FC,28.3,28.060686
Bassitt Chris, SI, FF,26.3,26.146132
Bassitt Chris, SI, CU,26.3,26.103552
Bassitt Chris, SI, CH,17.1,17.387217
Bautista Félix, FF, FS,38.5,38.692135
Bautista Félix, FF, SL,15.5,15.40499
Baz Shane, FF, SL,38.4,38.12964
Baz Shane, FF, CU,27.0,26.962526
Bañuelos Manny, SI, SL,20.8,21.29614
Bañuelos Manny, SI, CU,32.6,31.774948
Bañuelos Manny, SI, FF,12.5,12.608764
Beasley Jeremy, FF, SL,21.3,21.459463
Bednar David, FF, CU,23.3,23.367674
Bednar David, FF, FS,39.4,39.044327
Beede Tyler, FF, CH,44.8,44.39568
Beede Tyler, FF, SI,22.4,22.909363
Beede Tyler, FF, SL,17.7,17.998259
Beede Tyler, FF, CU,21.2,21.564297
Beeks Jalen, FF, CH,36.2,36.424862
Bellatti Andrew, SL, FF,28.9,28.759417
Bellatti Andrew, SL, CH,20.0,20.373737
Bello Brayan, SI, CH,22.9,22.949802
Bello Brayan, SI, SL,28.6,28.5241
Bello Brayan, SI, FF,14.8,15.180819
Bender Anthony, SI, SL,34.9,34.713203
Berríos José, CU, FF,22.8,23.44019
Berríos José, CU, SI,40.8,40.53526
Berríos José, CU, CH,42.9,42.851154
Bickford Phil, FF, SL,32.5,32.846493
Bieber Shane, FF, SL,40.9,40.32395
Bieber Shane, FF, KC,39.0,38.98525
Bieber Shane, FF, FC,23.3,21.632664
Bieber Shane, FF, CH,9.7,10.7066345
Bielak Brandon, FF, SI,25.0,25.351501
Bird Jake, SI, FC,26.2,26.313902
Bird Jake, SI, CU,30.3,30.152315
Blach Ty, SI, CH,41.5,41.485
Blach Ty, SI, FC,21.6,22.57441
Blach Ty, SI, CU,31.0,31.107025
Blackburn Paul, SI, FC,32.9,32.288578
Blackburn Paul, SI, CU,33.9,33.164417
Blackburn Paul, SI, CH,26.0,25.853252
Blackburn Paul, SI, FF,21.1,21.619833
Blackburn Paul, SI, SL,30.0,29.768574
Blanco Ronel, FF, SL,37.9,37.790962
Bleier Richard, SI, FC,35.2,34.590515
Bleier Richard, SI, SL,31.1,31.14365
Bolaños Ronald, SI, SL,32.3,31.521215
Bolaños Ronald, SI, FF,21.6,21.594563
Borucki Ryan, SI, SL,36.4,36.126312
Boxberger Brad, FF, CH,36.0,36.337257
Boxberger Brad, FF, SL,13.0,13.40239
Bradish Kyle, FF, SL,35.6,35.405247
Bradish Kyle, FF, CH,28.4,28.870749
Bradish Kyle, FF, CU,31.7,31.598007
Bradley Archie, SI, FF,33.3,33.041504
Bradley Archie, SI, KC,21.6,21.74001
Brash Matt, FF, SL,34.3,34.16171
Brash Matt, FF, KC,28.3,28.62584
Brasier Ryan, FF, SL,31.8,32.384502
Brasier Ryan, FF, SI,35.5,35.521755
Brebbia John, SL, FF,29.0,29.034437
Brentz Jake, FF, SL,20.0,20.414574
Brieske Beau, FF, CH,32.1,31.95405
Brieske Beau, FF, SL,19.3,19.176586
Brieske Beau, FF, SI,26.2,26.518127
Brigham Jeff, SL, FF,25.0,24.703165
Brogdon Connor, CH, FF,31.1,31.157894
Brogdon Connor, CH, FC,27.9,27.847311
Brubaker JT, SI, SL,39.8,39.873386
Brubaker JT, SI, CU,35.6,34.816147
Brubaker JT, SI, FF,13.4,14.187268
Brubaker JT, SI, CH,20.6,20.43028
Bruihl Justin, FC, SL,29.0,29.04552
Bubic Kris, FF, CH,31.9,32.040005
Bubic Kris, FF, CU,18.6,19.17171
Buehler Walker, FF, FC,37.9,37.11909
Buehler Walker, FF, KC,34.8,34.376087
Buehler Walker, FF, SL,43.0,42.10021
Buehler Walker, FF, CH,42.2,40.846054
Bumgarner Madison, FC, FF,21.3,21.462103
Bumgarner Madison, FC, CU,28.1,27.997648
Bumgarner Madison, FC, CH,32.3,31.898277
Bummer Aaron, SI, SL,33.3,33.340023
Bundy Dylan, FF, SL,36.5,36.203888
Bundy Dylan, FF, CH,40.4,40.279465
Bundy Dylan, FF, SI,41.0,40.90539
Bundy Dylan, FF, CU,16.7,17.26777
Burke Brock, FF, SL,33.0,32.323833
Burke Brock, FF, CH,40.5,39.075066
Burnes Corbin, FC, CU,40.1,39.712322
Burnes Corbin, FC, SL,39.9,38.870243
Burnes Corbin, FC, CH,31.0,31.052917
Burnes Corbin, FC, SI,23.5,23.79211
Burr Ryan, FF, FC,22.2,22.69657
Bush Matt, FF, CU,34.9,35.013763
Bush Matt, FF, FC,30.6,30.335451
Cabrera Edward, CH, FF,19.2,19.301126
Cabrera Edward, CH, CU,33.3,33.30787
Cabrera Edward, CH, SL,36.1,35.981148
Cabrera Génesis, FF, CU,20.0,20.2499
Cabrera Génesis, FF, CH,36.6,36.16553
Cabrera Génesis, FF, SI,45.5,45.508354
Cano Yennier, SI, SL,26.0,26.078005
Cano Yennier, SI, CH,40.0,40.07782
Carrasco Carlos, FF, SL,44.0,42.80253
Carrasco Carlos, FF, CH,44.2,44.014603
Carrasco Carlos, FF, SI,33.7,33.61266
Carrasco Carlos, FF, CU,33.3,33.213856
Castano Daniel, FC, SL,26.2,26.657959
Castano Daniel, FC, CH,40.0,40.071136
Castano Daniel, FC, FF,21.9,21.674725
Castellanos Humberto, SI, SL,24.5,24.00296
Castellanos Humberto, SI, CU,25.9,25.733967
Castellanos Humberto, SI, CH,41.0,40.724075
Castellanos Humberto, SI, FF,15.8,17.068518
Castillo Diego, SL, SI,21.0,21.07303
Castillo Luis, FF, CH,32.2,32.708363
Castillo Luis, FF, SI,27.0,26.955387
Castillo Luis, FF, SL,31.6,31.264177
Castillo Max, FF, CH,35.7,35.51583
Castro Anthony, SL, FF,23.3,23.194166
Castro Miguel, SL, SI,14.6,14.585006
Castro Miguel, SL, CH,40.3,40.20122
Cease Dylan, SL, FF,27.9,27.582645
Cease Dylan, SL, KC,19.0,19.424866
Cease Dylan, SL, CH,12.5,12.330317
Cessa Luis, SL, SI,27.6,27.582619
Cessa Luis, SL, CH,42.3,41.550583
Cessa Luis, SL, FF,18.8,19.082256
Chacín Jhoulys, SI, SL,27.6,27.691162
Chacín Jhoulys, SI, CU,27.5,27.343124
Chacín Jhoulys, SI, FF,23.3,23.037779
Chafin Andrew, SI, SL,44.9,44.44201
Chafin Andrew, SI, FF,17.8,17.83238
Chapman Aroldis, FF, SL,35.9,35.796703
Chapman Aroldis, FF, FS,25.6,25.581892
Chavez Jesse, FC, SI,12.5,12.950868
Chavez Jesse, FC, CH,38.4,38.304142
Cimber Adam, SL, FF,35.2,34.413116
Cimber Adam, SL, SI,34.1,34.34939
Cishek Steve, SL, FF,29.6,29.556688
Cishek Steve, SL, SI,22.7,22.81353
Civale Aaron, FC, CU,37.5,37.6302
Civale Aaron, FC, SI,21.6,22.103914
Civale Aaron, FC, FF,20.3,20.019974
Civale Aaron, FC, FS,17.6,18.339132
Clarke Taylor, FF, SL,34.0,33.99144
Clarke Taylor, FF, CH,28.8,29.152094
Clase Emmanuel, FC, SL,50.9,51.0727
Clevinger Mike, FF, SL,27.3,27.543741
Clevinger Mike, FF, FC,36.4,35.68908
Clevinger Mike, FF, CH,31.1,30.035727
Clevinger Mike, FF, SI,25.8,25.757143
Cobb Alex, FS, SI,15.7,15.864806
Cobb Alex, FS, KC,24.0,24.12809
Cole Gerrit, FF, SL,43.3,42.97132
Cole Gerrit, FF, KC,29.5,29.638927
Cole Gerrit, FF, CH,33.3,33.15802
Cole Gerrit, FF, FC,35.8,36.016373
Coleman Dylan, FF, SL,27.6,27.543098
Colomé Alex, FC, FF,18.8,18.75889
Contreras Roansy, FF, SL,42.2,42.079113
Contreras Roansy, FF, CU,28.0,28.13865
Corbin Patrick, SI, SL,34.8,34.902737
Corbin Patrick, SI, FF,17.0,17.168795
Corbin Patrick, SI, CH,30.1,29.823437
Cortes Jr. Néstor, FF, FC,37.4,36.674614
Cortes Jr. Néstor, FF, SL,23.6,23.455803
Cortes Jr. Néstor, FF, CH,32.7,32.969967
Cortes Jr. Néstor, FF, SI,22.5,22.63152
Cotton Jharel, FF, CH,39.3,38.875095
Cotton Jharel, FF, SL,3.1,3.0776486
Coulombe Danny, FF, SL,31.7,32.11146
Cousins Jake, SL, SI,30.3,30.369722
Crawford Kutter, FF, FC,39.2,39.094765
Crawford Kutter, FF, CU,27.2,26.947561
Crawford Kutter, FF, CH,18.9,18.962881
Crawford Kutter, FF, SL,26.2,26.087816
Crick Kyle, SL, SI,15.1,15.103685
Crismatt Nabil, CH, FF,12.9,13.125171
Crismatt Nabil, CH, CU,20.0,20.428698
Crowe Wil, SL, CH,36.8,36.565346
Crowe Wil, SL, SI,24.3,24.47595
Crowe Wil, SL, FF,31.5,30.813032
Cruz Jesús, FF, SL,36.2,36.038807
Cuas Jose, SI, SL,28.7,28.630064
Cueto Johnny, SI, CH,37.4,37.33133
Cueto Johnny, SI, SL,23.8,24.120497
Cueto Johnny, SI, FC,21.1,21.285412
Cueto Johnny, SI, FF,34.8,33.81545
Danish Tyler, CU, SI,30.8,30.6966
Danish Tyler, CU, CH,33.3,33.249
Darvish Yu, FC, FF,25.5,25.502249
Darvish Yu, FC, SL,36.8,36.852943
Darvish Yu, FC, SI,30.0,29.941813
Darvish Yu, FC, FS,40.9,40.75687
Darvish Yu, FC, CU,15.6,15.39304
Davidson Tucker, FF, SL,31.5,31.689838
Davidson Tucker, FF, CU,28.6,27.536772
Davies Zach, SI, CH,40.0,40.015236
Davies Zach, SI, FC,23.8,24.624556
Davies Zach, SI, CU,24.6,24.895237
Davis Austin, FF, SL,26.3,26.410278
Davis Austin, FF, CH,40.2,39.994766
De Jesus Angel, SI, SL,20.0,20.207392
De Jong Chase, FF, SL,37.5,37.312202
De Jong Chase, FF, CU,16.1,16.121227
De Los Santos Enyel, FF, SL,43.3,42.497902
De Los Santos Enyel, FF, CH,27.9,28.401464
De Los Santos Yerry, SI, SL,35.7,35.578484
DeSclafani Anthony, SL, SI,28.9,28.630781
Detmers Reid, FF, SL,29.1,29.176739
Detmers Reid, FF, CU,16.9,17.017817
Detmers Reid, FF, CH,35.3,34.808277
Detwiler Ross, FC, FF,29.8,29.845613
Detwiler Ross, FC, SI,30.6,30.342575
Diaz Jhonathan, FF, SL,36.6,36.505676
Diaz Jhonathan, FF, SI,23.3,23.380955
Diehl Phillip, FF, SL,33.3,33.60215
Diekman Jake, FF, SL,28.7,28.912365
Diekman Jake, FF, SI,19.4,19.655725
Domínguez Seranthony, FF, SI,32.5,32.671165
Domínguez Seranthony, FF, SL,33.0,32.46472
Doval Camilo, SL, FC,18.9,18.983301
Doval Camilo, SL, SI,18.2,18.49276
Duffey Tyler, KC, FF,23.9,23.783207
Duffey Tyler, KC, SI,32.3,31.395815
Dugger Robert, FF, SI,28.6,28.765848
Dugger Robert, FF, SL,32.3,31.231766
Dugger Robert, FF, CH,27.0,27.008429
Dugger Robert, FF, CU,30.8,30.742601
Dunning Dane, SI, SL,30.6,30.62863
Dunning Dane, SI, CH,44.4,43.988003
Dunning Dane, SI, FC,16.4,16.817686
Duran Jhoan, FF, CU,42.1,42.1392
Duran Jhoan, FF, FS,46.3,46.277657
Díaz Alexis, FF, SL,37.1,37.44233
Díaz Edwin, SL, FF,23.2,23.229136
Edwards Jr. Carl, FF, CU,26.3,26.596087
Edwards Jr. Carl, FF, CH,26.5,26.350021
Effross Scott, SL, SI,37.6,37.39053
Effross Scott, SL, CH,52.6,52.36552
Effross Scott, SL, FF,24.4,24.660767
Eflin Zach, SI, CU,36.2,36.09989
Eflin Zach, SI, FF,27.3,26.960356
Eflin Zach, SI, FC,20.0,19.929974
Eflin Zach, SI, CH,32.5,32.50469
Elder Bryce, SI, SL,39.1,38.853764
Elder Bryce, SI, FC,25.5,25.599745
Elder Bryce, SI, CH,30.8,30.765512
Eovaldi Nathan, FF, FS,48.9,48.80534
Eovaldi Nathan, FF, CU,28.9,28.66464
Eovaldi Nathan, FF, SL,27.3,27.355255
Eovaldi Nathan, FF, FC,23.5,23.487988
Espino Paolo, FF, CU,42.3,42.17692
Espino Paolo, FF, SL,27.6,27.814571
Espino Paolo, FF, CH,20.8,20.719404
Espinoza Anderson, FF, SL,13.6,13.907958
Estévez Carlos, FF, SL,19.0,19.384758
Estévez Carlos, FF, CH,24.6,24.521088
Faedo Alex, FF, SL,33.3,33.404144
Faedo Alex, FF, CH,21.3,21.664501
Falter Bailey, SI, SL,43.0,42.84691
Falter Bailey, SI, FF,34.1,34.177097
Falter Bailey, SI, CU,18.8,18.411343
Familia Jeurys, SI, FF,18.3,18.42328
Familia Jeurys, SI, SL,23.1,23.053112
Familia Jeurys, SI, FS,27.8,27.708849
Farmer Buck, FF, SL,31.8,31.179243
Farmer Buck, FF, CH,21.1,21.945951
Faucher Calvin, SL, SI,22.0,21.845558
Fedde Erick, SI, CU,23.5,23.360872
Fedde Erick, SI, FC,26.4,26.251463
Fedde Erick, SI, CH,21.6,21.349642
Feltner Ryan, FF, SL,27.2,27.647112
Feltner Ryan, FF, SI,31.8,31.74276
Feltner Ryan, FF, CU,24.5,24.482405
Ferguson Caleb, FF, CU,23.4,23.461555
Fernández Junior, SI, SL,25.4,25.05131
Festa Matthew, SL, FF,35.5,35.12646
Feyereisen J.P., FF, SL,24.5,24.822878
Feyereisen J.P., FF, CH,28.8,28.75426
Finnegan Kyle, SI, SL,29.3,29.291838
Finnegan Kyle, SI, FS,32.4,32.79068
Fleming Josh, SI, CH,46.2,45.80271
Fleming Josh, SI, FC,25.9,26.528618
Fleming Josh, SI, CU,32.0,31.862747
Flexen Chris, FF, FC,30.1,30.288353
Flexen Chris, FF, CH,30.5,31.015556
Flexen Chris, FF, SL,31.6,31.618183
Flexen Chris, FF, CU,13.0,13.311996
Floro Dylan, SI, FF,30.2,30.156265
Floro Dylan, SI, CH,33.8,33.64548
Floro Dylan, SI, SL,28.8,28.457283
Foley Jason, SI, SL,28.1,27.835676
Foley Jason, SI, FF,16.7,17.00308
Foley Jason, SI, CH,41.7,41.107872
Foster Matt, FF, SL,29.3,28.93933
Foster Matt, FF, CH,23.1,24.24542
Foster Matt, FF, CU,15.4,15.510666
Freeland Kyle, FF, SL,33.6,33.228737
Freeland Kyle, FF, SI,18.8,18.990028
Freeland Kyle, FF, CU,37.3,37.113213
Freeland Kyle, FF, CH,17.0,18.299065
Fried Max, FF, SL,34.1,33.99528
Fried Max, FF, CU,28.8,28.809057
Fried Max, FF, SI,34.6,34.3082
Fried Max, FF, CH,45.8,45.468216
Fry Paul, SL, FF,16.0,16.154633
Fulmer Michael, SL, SI,20.0,20.59191
Fulmer Michael, SL, FF,15.6,16.248934
Gage Matt, FF, FC,33.3,33.74651
Gallegos Giovanny, FF, SL,42.9,42.535213
Gallen Zac, FF, KC,41.8,41.52754
Gallen Zac, FF, CH,43.5,43.231052
Gallen Zac, FF, FC,34.3,34.05836
Garcia Yimi, FF, CU,18.8,19.395864
Garcia Yimi, FF, SL,15.1,15.899342
Garcia Yimi, FF, SI,37.3,37.405464
García Jarlín, FF, CH,37.7,37.21692
García Jarlín, FF, SL,20.7,21.25738
García Luis (HOU), FF, FC,32.6,32.369904
García Luis (HOU), FF, SL,32.4,32.39714
García Luis (HOU), FF, SI,25.2,25.04918
García Luis (HOU), FF, CH,42.4,41.97079
García Luis (HOU), FF, CU,25.0,24.955385
García Luis (HOU), FF, FS,40.5,40.420734
García Rony, FF, CU,25.0,25.403921
García Rony, FF, SI,35.8,35.472607
García Rony, FF, CH,22.0,21.932816
Garrett Amir, SL, FF,12.0,12.181437
Garrett Braxton, SL, FF,23.7,23.562222
Garrett Braxton, SL, SI,34.7,34.389767
Garrett Braxton, SL, CH,35.4,35.59027
Garrett Braxton, SL, CU,27.9,28.144238
Garza Jr. Ralph, SI, SL,29.0,29.213436
Garza Jr. Ralph, SI, CH,28.3,28.332594
Garza Jr. Ralph, SI, FF,29.6,29.692839
Garza Jr. Ralph, SI, FC,39.4,39.60038
Gausman Kevin, FF, FS,51.3,51.520786
Gausman Kevin, FF, SL,24.4,23.969574
Germán Domingo, CU, CH,27.8,28.060814
Germán Domingo, CU, FF,21.4,21.066034
Gibaut Ian, FF, FC,17.1,18.349033
Gibaut Ian, FF, SL,37.0,36.70521
Gibson Kyle, SI, FC,24.5,25.096546
Gibson Kyle, SI, SL,40.2,39.6357
Gibson Kyle, SI, FF,14.9,15.109266
Gibson Kyle, SI, CH,37.5,37.051712
Gibson Kyle, SI, CU,33.8,33.321907
Gilbert Logan, FF, SL,27.7,27.973667
Gilbert Logan, FF, KC,22.9,23.18665
Gilbert Logan, FF, CH,19.8,20.10708
Gilbert Tyler, FC, FF,19.6,19.46729
Gilbert Tyler, FC, SI,18.9,18.887907
Gilbert Tyler, FC, FS,26.8,26.585226
Gilbert Tyler, FC, KC,31.7,31.128862
Gilbreath Lucas, FF, SL,28.9,28.843918
Gillaspie Logan, FF, SL,15.6,15.273269
Giolito Lucas, FF, CH,29.4,29.584253
Giolito Lucas, FF, SL,28.0,28.012167
Givens Mychal, FF, SL,27.0,27.924274
Givens Mychal, FF, CH,26.5,26.484211
Gomber Austin, FF, SL,30.3,30.269506
Gomber Austin, FF, CH,39.8,39.70666
Gomber Austin, FF, KC,27.2,27.160748
Gonsolin Tony, FF, FS,38.0,38.098125
Gonsolin Tony, FF, SL,38.6,38.09834
Gonsolin Tony, FF, CU,16.8,17.008335
Gonzales Marco, FF, CH,42.0,42.222065
Gonzales Marco, FF, FC,34.2,34.225807
Gonzales Marco, FF, CU,21.4,21.76818
González Chi Chi, SL, FF,26.8,26.80639
González Chi Chi, SL, SI,25.9,25.956514
Gore MacKenzie, FF, CU,28.9,28.788864
Gore MacKenzie, FF, SL,29.5,29.477242
Gore MacKenzie, FF, CH,22.2,22.028582
Gose Anthony, FF, SL,27.9,27.928207
Gott Trevor, FC, FF,24.4,24.451017
Gott Trevor, FC, SI,50.6,50.006603
Gott Trevor, FC, CU,21.4,21.607439
Goudeau Ashton, FF, CU,23.4,23.476227
Goudeau Ashton, FF, CH,29.4,29.334435
Graterol Brusdar, SI, FC,25.4,25.647676
Graterol Brusdar, SI, SL,39.3,39.217857
Graterol Brusdar, SI, FF,24.1,24.211725
Graveman Kendall, SI, SL,28.3,28.413025
Graveman Kendall, SI, CH,30.6,30.819572
Graveman Kendall, SI, FF,30.2,29.508966
Gray Jon, FF, SL,42.7,41.622814
Gray Jon, FF, CH,26.1,26.218006
Gray Jon, FF, CU,12.2,12.450464
Gray Josiah, FF, SL,33.1,33.371887
Gray Josiah, FF, CU,32.5,32.414486
Gray Josiah, FF, CH,15.0,14.927502
Gray Sonny, SI, FF,19.5,19.848515
Gray Sonny, SI, CU,31.1,31.376886
Gray Sonny, SI, SL,30.4,30.21478
Gray Sonny, SI, FC,7.8,8.449812
Green Chad, FF, CU,23.3,24.398605
Greene Hunter, FF, SL,33.6,33.790455
Greene Hunter, FF, CH,4.8,5.0644236
Greinke Zack, FF, CU,39.5,39.1389
Greinke Zack, FF, CH,30.6,31.285082
Greinke Zack, FF, FC,31.1,30.53641
Greinke Zack, FF, SL,36.4,35.885357
Greinke Zack, FF, SI,16.1,16.091896
Grimm Justin, FF, SL,29.6,29.745985
Grimm Justin, FF, CU,46.3,45.335747
Gsellman Robert, SI, SL,28.1,28.232855
Guerra Javy, SI, SL,20.5,20.583927
Gustave Jandel, SI, SL,19.4,19.814203
Gutierrez Vladimir, FF, SL,36.6,35.71137
Gutierrez Vladimir, FF, CH,15.0,16.024506
Gutierrez Vladimir, FF, CU,19.6,19.721655
Hader Josh, SI, SL,38.7,38.566437
Hand Brad, SL, FF,14.6,14.573181
Hand Brad, SL, SI,28.1,28.0197
Head Louis, SL, FF,26.5,26.64999
Heaney Andrew, FF, SL,46.7,46.73795
Hearn Taylor, FF, SL,31.3,31.241257
Hearn Taylor, FF, SI,23.1,23.645706
Hearn Taylor, FF, CH,20.0,20.355661
Heasley Jonathan, FF, CH,29.7,29.706013
Heasley Jonathan, FF, CU,27.5,27.301996
Heasley Jonathan, FF, SL,37.3,37.137974
Helsley Ryan, FF, SL,40.3,40.448555
Helsley Ryan, FF, CU,18.2,18.040249
Hembree Heath, FF, SL,27.4,27.501663
Hendricks Kyle, SI, CH,42.9,43.35458
Hendricks Kyle, SI, FF,12.7,12.85981
Hendricks Kyle, SI, CU,20.4,20.410099
Hendriks Liam, FF, SL,34.6,34.7369
Hendriks Liam, FF, CU,34.5,34.732834
Hentges Sam, FF, SI,38.6,38.477596
Hentges Sam, FF, SL,32.9,32.97475
Hentges Sam, FF, CU,21.4,21.18239
Herget Jimmy, SI, SL,25.8,25.515593
Herget Jimmy, SI, CU,31.1,30.893093
Hernandez Elieser, FF, SL,35.8,35.806957
Hernandez Elieser, FF, CH,19.5,20.308247
Hernandez Elieser, FF, SI,7.1,7.397066
Hernández Carlos, FF, KC,32.5,32.481125
Hernández Carlos, FF, SL,36.7,36.668
Hernández Carlos, FF, FS,17.9,17.928375
Hernández Jonathan, SI, SL,27.3,27.5725
Hicks Jordan, SI, SL,25.7,25.57381
Hill Garrett, FF, SI,30.2,30.159046
Hill Garrett, FF, SL,27.7,28.34159
Hill Garrett, FF, CH,31.8,32.020596
Hill Garrett, FF, KC,20.0,19.705921
Hill Rich, CU, FF,19.9,19.91292
Hill Rich, CU, SL,29.0,28.93301
Hill Rich, CU, FC,14.0,14.04043
Hill Tim, SI, FF,35.7,35.66595
Hill Tim, SI, SL,10.0,10.363226
Hjelle Sean, SI, KC,30.0,30.110308
Hoffman Jeff, FF, CH,33.1,33.190887
Hoffman Jeff, FF, SL,18.8,19.294706
Holderman Colin, SI, FC,28.4,28.376143
Holmes Clay, SI, SL,43.2,43.100327
Houck Tanner, SL, SI,36.4,36.357704
Houck Tanner, SL, FF,22.2,22.427137
Houck Tanner, SL, FS,30.3,30.524248
Houser Adrian, SI, FF,14.0,14.542873
Houser Adrian, SI, SL,19.2,19.777308
Houser Adrian, SI, CU,20.2,20.124023
Houser Adrian, SI, CH,34.4,34.561604
Howard Spencer, FF, FC,31.7,31.86043
Howard Spencer, FF, CU,23.7,23.87277
Hudson Dakota, SI, SL,28.1,27.9017
Hudson Dakota, SI, FF,17.4,19.135412
Hudson Dakota, SI, CU,24.0,23.982103
Hudson Dakota, SI, CH,24.6,24.489174
Hudson Daniel, FF, SL,29.4,29.976152
Hughes Brandon, FF, SL,42.9,42.3103
Hunter Tommy, FC, SI,36.4,36.372257
Hutchison Drew, FF, SL,32.0,31.759392
Hutchison Drew, FF, SI,32.2,32.40437
Hutchison Drew, FF, CH,21.7,22.01571
Iglesias Raisel, SL, FF,28.4,27.948477
Iglesias Raisel, SL, CH,49.3,49.60858
Iglesias Raisel, SL, SI,37.2,37.252827
Irvin Cole, FF, SI,30.4,30.135166
Irvin Cole, FF, CH,38.4,38.228413
Irvin Cole, FF, CU,31.5,31.163061
Irvin Cole, FF, SL,14.3,15.091898
Jackson Zach, FF, SL,28.4,28.370104
Jansen Kenley, FC, SI,32.9,32.728195
Jansen Kenley, FC, SL,27.1,26.88123
Javier Cristian, FF, SL,23.5,24.060085
Javier Cristian, FF, KC,18.8,18.772064
Javier Cristian, FF, CH,18.7,18.710129
Jax Griffin, SL, FF,24.8,24.628574
Jax Griffin, SL, CH,34.5,34.74574
Jefferies Daulton, SI, CH,44.1,43.985085
Jefferies Daulton, SI, FC,29.4,29.455015
Jefferies Daulton, SI, CU,22.2,23.28973
Jefferies Daulton, SI, FF,16.1,15.912732
Jiménez Dany, SL, FF,16.0,16.164528
Jiménez Joe, FF, SL,38.9,38.89647
Johnson Pierce, CU, FF,23.3,23.337893
Junis Jakob, SL, SI,18.2,19.00161
Junis Jakob, SL, CH,22.4,22.379522
Junk Janson, SL, FF,23.3,23.411465
Kaprielian James, FF, SL,38.0,37.874146
Kaprielian James, FF, CU,18.1,18.487892
Kaprielian James, FF, CH,29.2,29.419865
Karinchak James, CU, FF,28.3,28.280884
Keller Brad, SL, FF,25.9,25.847494
Keller Brad, SL, SI,27.9,27.529987
Keller Brad, SL, CH,20.0,20.465523
Keller Mitch, FF, SL,28.1,28.865236
Keller Mitch, FF, SI,22.1,22.335886
Keller Mitch, FF, CU,30.0,29.853783
Keller Mitch, FF, CH,21.6,22.235645
Kelley Trevor, SI, CU,26.9,26.983936
Kelly Joe, KC, SI,21.1,21.541424
Kelly Merrill, FF, CH,44.8,44.284885
Kelly Merrill, FF, FC,28.8,28.821054
Kelly Merrill, FF, SI,28.9,29.075811
Kelly Merrill, FF, CU,29.1,29.253826
Kennedy Ian, FF, CH,27.0,27.022104
Kershaw Clayton, SL, FF,16.1,16.179842
Kershaw Clayton, SL, CU,32.5,32.658413
Keuchel Dallas, SI, CH,39.0,39.235046
Keuchel Dallas, SI, FC,41.7,40.527237
Keuchel Dallas, SI, SL,32.7,32.74982
Keuchel Dallas, SI, FF,12.9,12.781272
Kikuchi Yusei, FF, SL,41.9,41.362667
Kikuchi Yusei, FF, CH,30.9,31.003567
Kikuchi Yusei, FF, FC,22.5,22.708921
Kilian Caleb, SI, FC,18.9,18.977968
Kilian Caleb, SI, FF,17.9,17.906343
Kimbrel Craig, FF, KC,31.7,31.631802
King John, SI, CH,34.9,34.75397
King John, SI, SL,25.0,25.087736
King John, SI, FC,39.3,38.859043
King Michael, SI, SL,27.3,27.338339
King Michael, SI, FF,33.0,32.26895
King Michael, SI, CH,41.3,40.995255
Kinley Tyler, SL, FF,15.7,15.806964
Kirby George, FF, SL,22.1,22.31884
Kirby George, FF, CU,21.0,20.660912
Kirby George, FF, CH,28.2,28.29286
Kittredge Andrew, SI, SL,58.2,57.192802
Kluber Corey, FC, SI,20.9,21.581053
Kluber Corey, FC, CU,38.2,37.941105
Kluber Corey, FC, CH,44.7,44.001095
Knebel Corey, FF, KC,20.1,20.691889
Koenig Jared, SI, CU,34.3,34.464916
Koenig Jared, SI, FC,17.1,17.668783
Koenig Jared, SI, CH,16.2,16.884428
Koenig Jared, SI, FF,25.0,24.855085
Kolarek Adam, SI, SL,18.9,19.225407
Kopech Michael, FF, SL,28.7,29.390383
Kopech Michael, FF, CU,19.6,19.697773
Kowar Jackson, FF, CH,44.4,44.310352
Krehbiel Joey, CH, FF,23.2,23.04699
Krehbiel Joey, CH, FC,19.8,19.905807
Kremer Dean, FF, FC,36.5,35.739067
Kremer Dean, FF, CH,31.3,31.334497
Kremer Dean, FF, CU,20.4,20.636011
Kuhl Chad, SI, SL,38.1,37.98527
Kuhl Chad, SI, KC,22.3,22.519684
Kuhl Chad, SI, CH,20.0,19.994497
Kuhl Chad, SI, FF,27.0,26.69708
Kuhnel Joel, SI, SL,36.3,35.97767
Kuhnel Joel, SI, FF,25.0,24.922527
Kuhnel Joel, SI, CH,32.2,32.62822
Lambert Jimmy, FF, SL,35.0,34.956306
Lambert Jimmy, FF, CH,22.2,22.125526
Lamet Dinelson, SL, FF,13.7,14.123065
Lange Alex, CU, SI,21.2,21.38539
Lange Alex, CU, CH,37.2,37.163708
Lauer Eric, FF, SL,40.7,39.602425
Lauer Eric, FF, CU,22.9,23.357622
Lauer Eric, FF, FC,26.5,26.392305
Lauer Eric, FF, CH,7.7,8.797136
Lawrence Casey, SL, CH,44.4,44.32066
Lawrence Justin, SI, SL,26.9,26.970684
Leclerc José, SL, FF,22.9,22.886324
Leclerc José, SL, CH,40.9,40.821964
Lee Dylan, FF, CU,47.2,47.08332
Lee Evan, FF, CU,24.2,24.25718
Leiter Jr. Mark, FF, SI,27.7,27.769073
Leiter Jr. Mark, FF, CH,44.0,43.590916
Leiter Jr. Mark, FF, CU,27.6,27.7647
Leiter Jr. Mark, FF, FC,20.8,21.860085
Lemoine Jacob, SI, SL,23.1,23.684658
Leone Dominic, SL, FF,31.1,30.244085
Leone Dominic, SL, FC,47.8,47.608498
Liberatore Matthew, FF, SI,21.4,21.576113
Liberatore Matthew, FF, CU,27.0,26.892351
Liberatore Matthew, FF, SL,34.9,34.583363
Liberatore Matthew, FF, CH,10.3,11.882869
Littell Zack, FF, SL,34.7,34.44686
Llovera Mauricio, SL, SI,29.3,29.389387
Lodolo Nick, SI, CU,30.8,30.972387
Lodolo Nick, SI, CH,38.7,38.898064
Logue Zach, FF, FC,14.5,15.294028
Logue Zach, FF, CU,25.9,25.93013
Logue Zach, FF, CH,31.5,31.22438
Long Sam, FF, CH,31.9,31.942429
Long Sam, FF, CU,15.6,15.516121
Lorenzen Michael, SI, FF,22.8,23.19923
Lorenzen Michael, SI, SL,23.9,24.490255
Lorenzen Michael, SI, CH,31.8,31.923277
Lorenzen Michael, SI, FC,31.9,31.68587
Loup Aaron, SI, FC,36.5,36.670662
Loup Aaron, SI, CH,50.0,49.97734
Loáisiga Jonathan, SI, CU,23.1,23.65822
Loáisiga Jonathan, SI, CH,52.9,52.92839
Luetge Lucas, FC, SL,31.7,32.050537
Luetge Lucas, FC, CU,27.6,27.549273
Lugo Seth, CU, FF,22.1,22.098877
Lugo Seth, CU, SI,21.8,21.90126
Lugo Seth, CU, SL,20.7,20.776258
Luzardo Jesús, CU, FF,17.3,17.79858
Luzardo Jesús, CU, SI,19.4,19.165615
Luzardo Jesús, CU, CH,41.4,41.00304
Lyles Jordan, FF, SL,32.0,32.488186
Lyles Jordan, FF, SI,36.4,35.26315
Lyles Jordan, FF, CH,28.2,28.240894
Lyles Jordan, FF, CU,14.9,15.713713
Lynch Daniel, FF, SL,40.0,39.828434
Lynch Daniel, FF, CH,31.7,31.690725
Lynch Daniel, FF, KC,17.9,17.92783
Lynn Lance, FF, FC,31.6,31.299664
Lynn Lance, FF, SI,34.8,34.584152
Lynn Lance, FF, SL,39.2,39.244354
Lynn Lance, FF, CU,34.0,33.63382
Lynn Lance, FF, CH,21.1,22.264381
López Jorge, SI, KC,27.3,27.524996
López Jorge, SI, CH,28.4,28.123686
López Jorge, SI, SL,30.4,30.07495
López Pablo, FF, CH,42.0,41.90371
López Pablo, FF, FC,26.1,25.573477
López Pablo, FF, SI,34.6,34.747055
López Pablo, FF, CU,23.1,23.239092
López Reynaldo, FF, SL,28.0,28.012865
López Reynaldo, FF, CU,32.1,31.030687
López Yoan, SL, FF,19.0,19.523872
Machado Andres, SI, FF,27.4,27.570024
Machado Andres, SI, SL,27.5,27.091034
Machado Andres, SI, CH,32.3,32.432266
Mahle Tyler, FF, FS,33.7,33.778984
Mahle Tyler, FF, SL,24.5,24.517708
Mahle Tyler, FF, FC,17.7,17.7348
Manaea Sean, SI, CH,34.7,34.686066
Manaea Sean, SI, SL,25.2,25.420832
Manning Matt, FF, SL,37.0,36.61918
Manoah Alek, FF, SL,30.4,30.254787
Manoah Alek, FF, SI,37.4,37.617718
Manoah Alek, FF, CH,31.8,31.94258
Mantiply Joe, SI, CU,44.6,44.477936
Mantiply Joe, SI, CH,58.3,58.32201
Marinaccio Ron, FF, CH,47.0,47.17462
Marinaccio Ron, FF, SL,13.5,14.063598
Marte Yunior, SL, SI,44.2,43.757343
Marte Yunior, SL, FF,23.5,23.440418
Martin Brett, CU, SI,32.0,32.385365
Martin Brett, CU, SL,38.5,38.428177
Martin Brett, CU, FF,31.6,31.318638
Martin Chris, FF, FC,18.0,19.118196
Martin Chris, FF, SI,45.2,44.892345
Martin Chris, FF, FS,30.0,29.86512
Martin Corbin, FF, CU,31.9,31.481972
Martin Corbin, FF, CH,18.5,20.026197
Martin Davis, FF, SL,43.4,42.48572
Martin Davis, FF, CH,29.7,29.435692
Martinez Nick, CH, FF,24.1,24.216482
Martinez Nick, CH, SI,38.9,38.45287
Martinez Nick, CH, CU,25.0,24.95693
Martinez Nick, CH, FC,33.0,33.15162
Martinez Seth, FF, SL,39.7,38.22203
Martinez Seth, FF, SI,38.8,38.994736
Martinez Seth, FF, CH,37.8,37.9909
Martínez Adrián, SI, CH,49.3,48.93042
Martínez Adrián, SI, SL,21.7,21.808584
Maton Phil, FF, CU,32.5,32.520042
Maton Phil, FF, SL,39.5,39.149647
Matz Steven, SI, CH,36.4,36.45339
Matz Steven, SI, CU,27.7,27.43056
Matzek Tyler, FF, SL,27.3,28.250101
May Trevor, FF, SL,15.6,15.6264925
Mayers Mike, FF, SL,33.3,33.322395
Mayers Mike, FF, FC,27.3,28.258362
Mayza Tim, SI, SL,22.4,22.967865
McCarty Kirk, FF, SL,25.6,26.811852
McClanahan Shane, FF, CH,40.5,40.426304
McClanahan Shane, FF, CU,22.4,22.59541
McClanahan Shane, FF, SL,42.6,42.560326
McFarland T.J., SI, CH,33.3,33.64108
McFarland T.J., SI, SL,28.3,27.950424
McGee Jake, FF, SL,25.5,25.868893
McHugh Collin, SL, FC,32.7,32.574795
McKenzie Triston, FF, CU,40.2,39.644733
McKenzie Triston, FF, SL,29.2,29.417416
Medina Adonis, SI, SL,25.6,25.597593
Medina Adonis, SI, FF,16.7,17.717943
Megill Trevor, FF, KC,27.8,27.536968
Megill Tylor, FF, CH,22.5,23.631157
Megill Tylor, FF, SL,26.7,26.578667
Melancon Mark, FC, KC,28.9,29.006178
Merryweather Julian, FF, SL,39.6,39.455914
Middleton Keynan, FF, SL,29.0,28.928024
Mikolas Miles, SL, FF,28.4,27.337055
Mikolas Miles, SL, SI,24.8,24.834114
Mikolas Miles, SL, CU,23.0,23.378674
Mikolas Miles, SL, CH,17.6,17.90633
Miley Wade, FC, CH,42.1,42.344276
Mills Alec, SI, FF,29.4,28.70735
Mills Alec, SI, CH,40.5,40.627758
Mills Wyatt, FF, SL,22.9,23.148003
Mills Wyatt, FF, SI,38.0,37.9166
Milner Hoby, SI, CU,22.6,22.577787
Milner Hoby, SI, CH,36.7,36.678047
Milone Tommy, FF, CH,42.4,42.665077
Minaya Juan, FF, CH,38.9,39.05468
Minor Mike, FF, CH,34.8,35.02342
Minor Mike, FF, SL,28.6,29.113768
Minor Mike, FF, KC,11.1,11.351535
Minter A.J., FF, FC,39.1,38.80102
Minter A.J., FF, CH,28.6,28.558615
Misiewicz Anthony, CU, FC,41.5,40.977364
Misiewicz Anthony, CU, FF,20.6,20.530972
Moll Sam, SL, SI,14.8,14.550501
Montas Frankie, FF, FS,43.0,42.327915
Montas Frankie, FF, SI,30.5,31.108873
Montas Frankie, FF, SL,28.7,28.601297
Montas Frankie, FF, FC,28.9,28.487955
Montero Rafael, FF, SI,45.8,45.651474
Montero Rafael, FF, CH,36.1,36.51431
Montero Rafael, FF, SL,23.9,23.430954
Montgomery Jordan, SI, CH,33.7,33.66946
Montgomery Jordan, SI, CU,36.1,35.818497
Montgomery Jordan, SI, FF,30.2,29.51501
Montgomery Jordan, SI, FC,22.4,22.75477
Moore Matt, FF, KC,35.3,35.229668
Moore Matt, FF, CH,39.7,39.645145
Moran Jovani, FF, CH,35.1,35.03193
Moreta Dauri, FF, SI,19.2,19.065277
Moreta Dauri, FF, CH,12.5,13.329398
Moreta Dauri, FF, SL,20.3,21.555202
Morgan Eli, FF, CH,33.7,33.937634
Morgan Eli, FF, SL,36.0,35.556026
Moronta Reyes, FF, SL,34.6,34.434193
Morton Charlie, CU, FF,21.4,21.509516
Morton Charlie, CU, FC,23.2,23.109072
Morton Charlie, CU, SI,13.4,13.761736
Morton Charlie, CU, CH,25.5,25.42479
Murfee Penn, SL, FF,26.2,26.28591
Murfee Penn, SL, SI,23.1,23.004286
Musgrove Joe, SL, FF,28.3,28.05714
Musgrove Joe, SL, CU,37.4,37.020855
Musgrove Joe, SL, FC,20.9,21.702272
Musgrove Joe, SL, SI,45.7,45.421505
Musgrove Joe, SL, CH,29.5,29.270132
Muñoz Andrés, SL, FF,28.8,28.522232
Márquez Germán, FF, SI,22.8,22.723116
Márquez Germán, FF, SL,34.8,34.662403
Márquez Germán, FF, KC,39.7,39.00535
Márquez Germán, FF, CH,18.4,18.31506
Nance Tommy, CU, SI,14.8,14.931504
Naughton Packy, FF, CH,50.0,49.08027
Naughton Packy, FF, SL,22.6,23.362373
Naughton Packy, FF, SI,25.6,25.543667
Nelson Kyle, SL, FF,24.4,23.68875
Nelson Nick, FF, CH,21.1,21.74803
Nelson Nick, FF, SL,27.0,26.91821
Neris Héctor, FF, FS,36.3,36.286198
Neris Héctor, FF, SI,46.4,45.67703
Newcomb Sean, FF, FC,29.2,29.529682
Nogosek Stephen, FC, FF,13.5,13.841137
Nola Aaron, FF, KC,45.5,45.175007
Nola Aaron, FF, SI,14.3,14.601431
Nola Aaron, FF, CH,39.7,39.82336
Nola Aaron, FF, FC,27.7,27.503675
Norris Daniel, FF, SL,28.7,28.730299
Norris Daniel, FF, CH,35.7,35.576748
Norwood James, FF, FS,42.7,42.576828
O'Day Darren, SL, FF,36.3,36.35701
Ober Bailey, FF, SL,37.5,37.45657
Ober Bailey, FF, CH,36.6,35.95559
Ober Bailey, FF, CU,23.1,23.195726
Odorizzi Jake, FF, FC,37.0,36.6765
Odorizzi Jake, FF, FS,28.0,28.395409
Odorizzi Jake, FF, SL,19.0,19.90434
Ohtani Shohei, SL, FF,18.8,18.971592
Ohtani Shohei, SL, FS,40.0,39.815044
Ohtani Shohei, SL, CU,23.5,23.779839
Ohtani Shohei, SL, FC,20.0,20.590696
Okert Steven, SL, FF,24.2,24.020695
Oller Adam, FF, FC,30.3,30.42167
Oller Adam, FF, SL,27.3,27.488789
Oller Adam, FF, SI,15.9,16.534168
Oller Adam, FF, CH,35.7,35.197823
Ort Kaleb, FF, SL,32.8,32.823772
Ortega Oliver, FF, CU,37.6,37.624622
Ottavino Adam, SL, SI,18.3,18.465378
Ottavino Adam, SL, FF,27.6,27.450876
Ottavino Adam, SL, CH,33.3,33.12893
Otto Glenn, SI, SL,31.2,31.47022
Otto Glenn, SI, FF,19.6,19.517946
Otto Glenn, SI, KC,22.3,22.29823
Otto Glenn, SI, CH,33.7,33.44334
Overton Connor, FF, SI,11.1,11.276972
Overton Connor, FF, SL,20.7,21.489523
Overton Connor, FF, CH,20.0,20.247833
Oviedo Johan, FF, SL,42.7,41.72693
Paddack Chris, FF, CH,50.0,50.063705
Paddack Chris, FF, CU,18.6,18.538805
Pagán Emilio, FF, FS,39.2,38.845387
Pagán Emilio, FF, FC,23.9,25.021624
Pallante Andre, FF, SL,19.6,20.681854
Pallante Andre, FF, CU,30.2,30.053514
Pallante Andre, FF, SI,18.5,19.07398
Payamps Joel, SL, FF,19.8,20.376385
Payamps Joel, SL, SI,40.3,39.98305
Payamps Joel, SL, CH,21.3,21.364874
Peacock Matt, SI, SL,31.0,31.300001
Peguero Elvis, SL, SI,26.6,26.554766
Pepiot Ryan, FF, CH,29.3,29.521328
Pepiot Ryan, FF, SL,33.3,33.190926
Peralta Freddy, FF, SL,31.8,32.518337
Peralta Freddy, FF, CU,23.1,22.974728
Peralta Freddy, FF, CH,37.7,37.218506
Peralta Wandy, CH, SI,23.8,24.044756
Peralta Wandy, CH, SL,39.4,38.782867
Peralta Wily, SL, FF,12.9,13.080363
Peralta Wily, SL, FS,39.2,38.719776
Peralta Wily, SL, SI,21.4,21.371592
Perez Francisco, FF, SL,37.2,36.540466
Peters Dillon, SI, CH,34.3,34.589012
Peters Dillon, SI, FF,31.9,31.563993
Peters Dillon, SI, CU,18.9,19.448008
Peters Dillon, SI, SL,29.4,28.697557
Peterson David, FF, SL,42.0,41.617527
Peterson David, FF, CH,19.8,20.443201
Peterson David, FF, SI,18.8,19.269325
Peterson David, FF, CU,31.4,31.229242
Phelps David, FF, KC,21.1,21.004204
Phelps David, FF, FC,25.4,25.468607
Phelps David, FF, SI,25.0,24.893835
Phillips Evan, SL, FC,30.2,28.573622
Phillips Evan, SL, FF,11.1,11.759198
Pilkington Konnor, FF, CH,32.6,32.743977
Pilkington Konnor, FF, SL,23.8,24.079174
Pineda Michael, FF, SL,30.1,30.402903
Pineda Michael, FF, CH,31.8,31.101423
Pivetta Nick, FF, KC,19.8,19.752884
Pivetta Nick, FF, SL,29.4,29.61272
Pivetta Nick, FF, CH,15.6,15.638871
Plesac Zach, FF, SL,43.3,43.325275
Plesac Zach, FF, CH,29.7,29.627184
Plesac Zach, FF, CU,24.0,23.789948
Poche Colin, FF, CU,23.1,23.186773
Pop Zach, SI, SL,20.8,21.090446
Poppen Sean, SI, SL,27.4,27.629253
Poteet Cody, CH, FF,18.6,18.905056
Poteet Cody, CH, SL,27.1,27.47525
Pressly Ryan, FF, SL,42.1,41.581345
Pressly Ryan, FF, CU,40.3,40.26018
Price David, FF, SI,29.8,30.133707
Price David, FF, FC,18.2,18.76311
Pruitt Austin, SL, FF,23.1,22.704397
Pruitt Austin, SL, CU,38.0,37.600197
Puk A.J., FF, SL,37.0,36.72661
Puk A.J., FF, SI,26.5,26.016037
Pérez Cionel, FF, SL,34.7,34.913097
Pérez Cionel, FF, SI,27.5,27.565916
Pérez Martín, SI, CH,42.6,42.256985
Pérez Martín, SI, FC,25.8,25.578703
Pérez Martín, SI, FF,11.9,12.590573
Pérez Martín, SI, CU,21.4,21.918415
Quantrill Cal, SI, FC,22.3,22.632763
Quantrill Cal, SI, CH,44.4,43.950813
Quantrill Cal, SI, FF,22.2,22.154278
Quantrill Cal, SI, CU,16.1,15.966473
Quintana José, FF, CU,36.0,36.02364
Quintana José, FF, CH,30.6,31.145449
Quintana José, FF, SI,24.2,24.28547
Rainey Tanner, FF, SL,43.6,43.699123
Raley Brooks, SL, SI,18.5,18.224096
Raley Brooks, SL, FC,24.1,24.384348
Raley Brooks, SL, CH,36.0,36.00767
Ramirez Noé, FF, CH,44.9,44.57012
Ramirez Noé, FF, CU,24.0,23.98302
Ramirez Yohan, SL, FF,19.4,19.442677
Ramirez Yohan, SL, SI,22.6,22.468906
Ramírez Erasmo, FC, SI,23.2,23.313232
Ramírez Erasmo, FC, CU,22.2,22.491844
Rasmussen Drew, FF, FC,31.2,31.245934
Rasmussen Drew, FF, SL,35.6,35.035427
Rasmussen Drew, FF, CU,27.8,27.931896
Ray Robbie, FF, SL,34.6,34.880337
Ray Robbie, FF, SI,31.0,30.992947
Ray Robbie, FF, KC,25.9,25.742132
Reed Jake, SL, SI,8.1,8.1792755
Reid-Foley Sean, FF, SL,32.3,32.27838
Richards Garrett, SL, CH,34.1,34.632626
Richards Garrett, SL, FF,25.0,25.143871
Richards Trevor, FF, CH,50.9,50.606766
Richards Trevor, FF, CU,18.0,18.502344
Robertson David, FC, KC,39.0,38.989254
Robertson David, FC, SL,39.1,38.35056
Robles Hansel, FF, SL,21.8,22.340528
Robles Hansel, FF, CH,14.3,14.601788
Rodriguez Eduardo, FF, FC,29.5,28.485645
Rodriguez Eduardo, FF, CH,37.0,36.869522
Rodriguez Eduardo, FF, SI,21.2,21.783754
Rodriguez Elvin, FF, SL,34.5,34.503784
Rodriguez Elvin, FF, CH,27.6,28.135925
Rodríguez Joely, SI, CH,48.3,48.160213
Rodríguez Joely, SI, FF,18.8,18.918045
Rodón Carlos, FF, SL,35.1,34.420635
Rodón Carlos, FF, CU,19.5,19.602451
Rogers Josh, FF, SL,29.1,29.080065
Rogers Josh, FF, SI,26.9,26.868029
Rogers Taylor, SL, SI,18.0,18.032627
Rogers Trevor, FF, CH,35.4,35.57907
Rogers Trevor, FF, SL,32.6,32.334137
Rogers Tyler, FF, SL,25.2,25.168898
Romano Jordan, FF, SL,35.7,35.481216
Romo Sergio, SL, SI,22.6,22.793682
Rosenberg Kenny, FF, CH,43.2,42.985497
Rucker Michael, FF, CU,20.8,21.056448
Rucker Michael, FF, SL,30.8,30.375261
Ruiz José, FF, CU,23.8,24.14669
Ruiz José, FF, CH,31.3,31.853928
Ryan Joe, FF, SL,40.4,40.025364
Ryan Joe, FF, CH,16.9,17.029919
Ryan Joe, FF, CU,21.1,21.040287
Ryu Hyun Jin, FF, CH,42.6,42.50143
Ryu Hyun Jin, FF, CU,25.0,25.086233
Ryu Hyun Jin, FF, FC,26.9,26.697096
Sampson Adrian, FF, SI,29.5,29.141857
Sampson Adrian, FF, SL,35.5,34.835175
Sampson Adrian, FF, CH,29.7,29.635157
Sampson Adrian, FF, FC,40.0,40.051514
Sanchez Aaron, SI, CU,37.0,36.456566
Sanchez Aaron, SI, FF,11.8,12.28038
Sanchez Aaron, SI, CH,38.3,38.038113
Sanders Phoenix, SL, FF,15.8,16.496166
Sandlin Nick, SL, SI,25.0,24.871113
Sandlin Nick, SL, FF,24.6,24.320597
Sandoval Patrick, SL, CH,39.8,39.737595
Sandoval Patrick, SL, FF,18.3,19.806154
Sandoval Patrick, SL, SI,23.0,23.121542
Sandoval Patrick, SL, CU,12.5,12.567214
Sands Cole, FF, CU,41.3,41.31563
Sands Cole, FF, CH,25.6,25.862675
Sanmartin Reiver, CH, SL,32.7,32.74849
Sanmartin Reiver, CH, SI,27.3,27.243431
Sanmartin Reiver, CH, FF,10.6,10.657574
Santana Dennis, SL, SI,23.4,23.697117
Santana Dennis, SL, CH,39.7,39.141304
Santillan Tony, SL, FF,16.7,16.455933
Sawamura Hirokazu, FF, FS,38.5,38.36362
Sawamura Hirokazu, FF, SL,18.5,19.038584
Sborz Josh, FF, SL,28.1,28.326647
Sborz Josh, FF, CU,25.0,25.000456
Scherzer Max, FF, SL,46.8,46.017555
Scherzer Max, FF, CH,35.9,35.828266
Scherzer Max, FF, FC,43.7,43.176456
Scherzer Max, FF, CU,17.1,17.60035
Schmidt Clarke, SL, SI,33.9,32.69995
Schmidt Clarke, SL, FF,14.9,16.252506
Schmidt Clarke, SL, KC,28.3,28.720362
Schreiber John, SL, FF,26.9,26.913565
Schreiber John, SL, SI,27.5,27.922028
Scott Tanner, SL, FF,16.3,16.456253
Scott Tayler, SL, SI,6.7,6.7032423
Seabold Connor, FF, CH,31.3,31.412867
Sears JP, FF, SL,26.9,26.623075
Sears JP, FF, CH,22.2,22.598537
Selman Sam, FF, SL,41.0,40.895565
Senzatela Antonio, FF, SL,25.2,25.506527
Senzatela Antonio, FF, CH,34.4,34.190365
Senzatela Antonio, FF, CU,37.3,37.04591
Senzatela Antonio, FF, SI,27.9,28.07674
Severino Luis, FF, CH,28.6,28.83087
Severino Luis, FF, SL,36.8,36.850536
Severino Luis, FF, FC,20.7,21.090029
Sewald Paul, FF, SL,23.4,23.744087
Shreve Chasen, FF, FS,30.7,30.890526
Shreve Chasen, FF, SL,30.2,30.021278
Silseth Chase, FF, FS,41.2,41.221405
Silseth Chase, FF, SL,34.8,33.941265
Singer Brady, SI, SL,37.7,37.43085
Singer Brady, SI, CH,11.8,11.771402
Skubal Tarik, SL, FF,27.4,27.159456
Skubal Tarik, SL, SI,25.8,25.707743
Skubal Tarik, SL, CH,40.4,40.284645
Skubal Tarik, SL, KC,30.6,30.350706
Small Ethan, FF, CH,3.3,3.721602
Smeltzer Devin, FF, CH,40.7,40.709393
Smeltzer Devin, FF, CU,29.2,28.93825
Smeltzer Devin, FF, SL,32.7,32.430702
Smith Caleb, FF, SL,37.8,37.62838
Smith Caleb, FF, CH,24.2,24.019344
Smith Drew, FF, SL,27.1,27.30338
Smith Joe, SI, FF,30.9,30.885836
Smith Joe, SI, SL,22.1,21.871122
Smith Will, SL, FF,23.0,23.08836
Smith Will, SL, CU,17.5,17.465937
Smyly Drew, KC, SI,25.8,25.886587
Smyly Drew, KC, FC,21.3,21.348886
Snead Kirby, SI, SL,29.6,29.265457
Snead Kirby, SI, FF,20.5,20.445374
Snell Blake, FF, SL,39.9,39.544285
Snell Blake, FF, CU,33.6,33.33075
Snell Blake, FF, CH,40.9,40.74997
Snider Collin, SL, SI,22.4,22.763132
Solomon Jared, SL, SI,13.6,13.811199
Soto Gregory, SI, FF,24.6,24.653578
Soto Gregory, SI, SL,24.7,24.787485
Sousa Bennett, SL, FF,20.8,20.819206
Speier Gabe, SL, SI,24.2,24.666073
Speier Gabe, SL, FF,15.4,15.032572
Springs Jeffrey, FF, CH,49.0,48.821545
Springs Jeffrey, FF, SL,27.6,27.939539
Springs Jeffrey, FF, SI,33.3,33.41946
Stammen Craig, SI, FC,28.8,27.9779
Stammen Craig, SI, KC,31.3,31.577673
Stanek Ryne, FF, FS,36.0,35.93073
Stanek Ryne, FF, SL,11.4,11.47681
Stashak Cody, SL, FF,26.9,26.931124
Staumont Josh, FF, CU,28.2,28.496592
Staumont Josh, FF, SI,25.5,25.615364
Steckenrider Drew, FF, CH,39.5,39.05536
Steele Justin, FF, SL,34.9,34.44262
Steele Justin, FF, SI,32.1,31.428228
Steele Justin, FF, CU,11.1,12.030156
Stephan Trevor, FF, FS,44.1,43.817966
Stephan Trevor, FF, SL,30.7,30.598146
Stephens Jackson, FF, CU,24.8,24.610233
Stephens Jackson, FF, SI,40.7,40.302345
Stephens Jackson, FF, CH,20.0,20.178198
Stephenson Robert, FF, SL,34.8,34.82178
Stout Eric, SL, FF,34.5,34.399136
Strahm Matt, FF, SL,23.3,23.237831
Strahm Matt, FF, CU,36.4,35.94547
Strahm Matt, FF, SI,38.5,38.10926
Stratton Chris, FF, CU,32.6,32.26386
Stratton Chris, FF, SL,39.2,38.08442
Stratton Chris, FF, CH,32.5,33.144207
Strickland Hunter, FF, SL,28.8,29.215725
Strider Spencer, FF, SL,37.1,36.61497
Strider Spencer, FF, CH,27.8,28.100658
Stripling Ross, FF, CH,50.0,48.50875
Stripling Ross, FF, SL,22.1,22.938
Stripling Ross, FF, KC,17.2,17.15902
Stripling Ross, FF, SI,46.5,46.383774
Stroman Marcus, SI, SL,29.7,29.883108
Stroman Marcus, SI, FC,46.6,46.346066
Stroman Marcus, SI, FS,25.7,25.738106
Stroman Marcus, SI, FF,25.4,25.319311
Strzelecki Peter, FF, SL,23.3,23.41453
Suarez José, FF, CH,40.2,40.218742
Suarez José, FF, CU,21.6,21.328074
Suarez José, FF, SL,34.3,34.16903
Suarez José, FF, SI,22.9,22.515234
Suarez Robert, FF, SI,24.0,24.2353
Suarez Robert, FF, CH,32.4,32.513245
Sulser Beau, SI, CH,40.6,40.559586
Sulser Beau, SI, FC,34.1,34.13069
Sulser Cole, FF, CH,43.0,43.16259
Suter Brent, FF, CH,32.0,32.053223
Suárez Ranger, SI, CH,37.1,36.932922
Suárez Ranger, SI, FF,20.3,20.661596
Suárez Ranger, SI, CU,50.0,49.601036
Suárez Ranger, SI, FC,25.6,25.743536
Suárez Ranger, SI, SL,21.2,21.630356
Swanson Erik, FF, FS,40.0,39.743683
Swanson Erik, FF, SL,43.4,43.193657
Swarmer Matt, SL, FF,22.2,22.448816
Syndergaard Noah, SI, CH,35.5,35.41333
Syndergaard Noah, SI, SL,21.8,22.487226
Syndergaard Noah, SI, FF,31.0,30.723476
Syndergaard Noah, SI, CU,24.3,24.167368
Sánchez Aníbal, CH, FC,32.3,31.71098
Sánchez Aníbal, CH, SI,20.0,20.055262
Sánchez Aníbal, CH, FF,21.6,21.795065
Sánchez Cristopher, SI, CH,26.7,26.99
Sánchez Cristopher, SI, SL,28.6,28.65298
Sánchez Miguel, CH, FF,12.5,12.980182
Taillon Jameson, FF, SL,30.8,31.924654
Taillon Jameson, FF, CU,28.5,28.893665
Taillon Jameson, FF, FC,31.1,31.109564
Taillon Jameson, FF, SI,43.4,43.3838
Taillon Jameson, FF, CH,35.3,34.880848
Tapia Domingo, SI, FF,32.1,31.876722
Tate Dillon, SI, CH,32.6,32.755054
Tate Dillon, SI, SL,29.6,29.64931
Taylor Blake, FF, SL,25.0,25.754095
Tepera Ryan, SL, FF,14.0,14.662874
Tepera Ryan, SL, SI,39.1,38.922863
Tepera Ryan, SL, CH,30.6,30.794127
Tetreault Jackson, FF, FC,31.0,31.397243
Thielbar Caleb, FF, CU,35.0,35.053978
Thielbar Caleb, FF, SL,25.0,25.10433
Thompson Keegan, FF, FC,24.4,24.763622
Thompson Keegan, FF, CU,33.5,32.972015
Thompson Keegan, FF, SI,29.5,28.872505
Thompson Keegan, FF, CH,21.8,21.910278
Thompson Keegan, FF, SL,27.5,27.607744
Thompson Ryan, SI, SL,31.5,31.35808
Thompson Ryan, SI, FF,26.3,26.162449
Thompson Zach, FC, SI,26.6,26.750803
Thompson Zach, FC, CU,27.0,27.011345
Thompson Zach, FC, FF,27.0,26.728771
Thompson Zach, FC, CH,36.8,36.853077
Thompson Zack, FF, CU,25.0,24.850397
Thornburg Tyler, FF, CU,28.3,28.15855
Thornton Trent, FF, SL,32.7,32.79501
Thornton Trent, FF, CU,20.5,20.535719
Toussaint Touki, CU, SI,17.6,17.670816
Toussaint Touki, CU, FS,37.8,37.538464
Trivino Lou, SI, FF,19.0,18.875528
Trivino Lou, SI, SL,39.3,39.31725
Trivino Lou, SI, FC,27.8,27.073082
Trivino Lou, SI, CH,30.6,30.703909
Uceta Edwin, SI, CH,59.4,58.87376
Underwood Jr. Duane, SI, FC,26.4,26.335852
Underwood Jr. Duane, SI, CH,37.2,37.357353
Underwood Jr. Duane, SI, CU,29.4,28.91436
Underwood Jr. Duane, SI, FF,20.6,20.5834
Ureña José, SI, SL,23.2,23.548769
Ureña José, SI, CH,34.1,33.240864
Ureña José, SI, FF,20.0,19.691643
Urquidy José, FF, CH,38.1,37.746284
Urquidy José, FF, CU,21.1,21.095095
Urquidy José, FF, SL,35.1,34.73586
Urquidy José, FF, FC,18.0,18.023317
Urías Julio, FF, CU,32.5,32.278503
Urías Julio, FF, CH,36.3,35.949276
Valdez Framber, SI, CU,36.3,35.81366
Valdez Framber, SI, CH,27.9,28.39712
Valdez Framber, SI, FC,35.7,35.735546
Valdez Framber, SI, FF,17.9,18.043327
Valdez Phillips, CH, SI,19.4,19.363058
Velasquez Vince, FF, SL,25.5,25.893164
Velasquez Vince, FF, KC,28.4,28.309246
Velasquez Vince, FF, SI,6.4,8.247005
Velasquez Vince, FF, CH,34.1,33.370777
VerHagen Drew, SI, FF,21.2,21.390081
VerHagen Drew, SI, SL,29.4,29.265804
VerHagen Drew, SI, CH,33.3,33.067627
VerHagen Drew, SI, CU,21.4,21.434196
Verlander Justin, FF, SL,32.7,32.721848
Verlander Justin, FF, CU,24.8,24.87216
Vesia Alex, FF, SL,23.5,23.72756
Vespi Nick, FF, SL,40.9,39.862846
Vespi Nick, FF, CU,38.7,38.278
Vest Will, FF, SL,25.7,26.91316
Vest Will, FF, CH,25.9,26.80391
Vieaux Cam, FF, SL,10.7,12.011475
Voth Austin, FF, CU,21.5,21.743528
Voth Austin, FF, FC,36.1,36.182182
Wacha Michael, FF, CH,31.7,31.834398
Wacha Michael, FF, SI,38.3,37.86831
Wacha Michael, FF, FC,22.5,23.438372
Wacha Michael, FF, CU,14.9,15.0239
Wainwright Adam, CU, SI,16.3,16.404373
Wainwright Adam, CU, FC,30.5,30.496086
Wainwright Adam, CU, FF,20.0,19.838943
Wainwright Adam, CU, CH,17.8,17.874067
Walker Taijuan, FF, FS,43.7,43.610817
Walker Taijuan, FF, SL,24.2,24.208435
Walker Taijuan, FF, SI,42.4,42.196262
Walker Taijuan, FF, CU,16.4,16.354408
Walker Taijuan, FF, FC,19.4,19.318216
Wantz Andrew, FF, SL,24.4,24.639795
Wantz Andrew, FF, FC,27.0,27.506779
Warren Art, SL, FF,18.1,18.299726
Warren Austin, SL, FF,16.0,16.7459
Warren Austin, SL, SI,35.3,34.515244
Watkins Spenser, FF, FC,36.5,35.438213
Watkins Spenser, FF, SL,35.2,34.81367
Watkins Spenser, FF, CU,21.5,21.664568
Watkins Spenser, FF, CH,15.2,15.73221
Weaver Luke, FF, CH,46.5,46.217075
Webb Logan, SL, SI,17.6,17.7913
Webb Logan, SL, CH,39.9,39.669212
Webb Logan, SL, FF,24.0,24.131386
Weems Jordan, FF, SL,36.7,35.968372
Wells Tyler, FF, SL,34.3,34.004993
Wells Tyler, FF, CH,35.6,35.37909
Wells Tyler, FF, CU,20.3,20.611609
Wendelken J.B., FF, SL,26.2,25.953194
Wendelken J.B., FF, CH,38.3,37.359356
Wendelken J.B., FF, SI,30.0,29.875095
Wheeler Zack, FF, SL,30.3,30.729046
Wheeler Zack, FF, SI,50.5,49.93873
Wheeler Zack, FF, CU,30.9,30.920021
White Mitch, FF, SL,40.5,40.4786
White Mitch, FF, CU,23.3,23.329292
White Mitch, FF, SI,22.7,23.034523
Whitley Kodi, FF, CH,23.1,22.940062
Whitlock Garrett, SI, CH,34.8,34.84273
Whitlock Garrett, SI, SL,38.0,37.968266
Wick Rowan, FF, KC,28.2,28.118315
Wick Rowan, FF, FC,27.9,27.441418
Williams Devin, CH, FF,22.9,23.002537
Williams Trevor, FF, SL,32.7,32.556316
Williams Trevor, FF, CH,25.4,25.83043
Williams Trevor, FF, SI,41.7,40.121967
Williams Trevor, FF, CU,20.5,20.483162
Wilson Bryse, SI, FF,24.6,24.717789
Wilson Bryse, SI, SL,26.7,26.081203
Wilson Bryse, SI, CU,29.1,29.309004
Wilson Bryse, SI, CH,29.9,30.309568
Wilson Steven, FF, SL,35.0,34.901596
Winckowski Josh, SI, SL,27.0,26.98814
Winckowski Josh, SI, FF,28.3,27.565226
Winckowski Josh, SI, CH,28.2,28.351006
Winckowski Josh, SI, FC,32.6,31.72397
Winder Josh, FF, SL,35.4,35.329193
Winder Josh, FF, CH,33.3,32.887314
Winder Josh, FF, CU,14.6,14.862295
Wisler Matt, SL, FF,10.8,10.7498665
Wittgren Nick, FF, CH,36.1,35.652134
Wittgren Nick, FF, FC,26.7,26.753016
Wittgren Nick, FF, SI,18.2,18.02533
Wittgren Nick, FF, SL,9.4,11.375912
Wood Alex, SI, SL,38.7,38.61582
Wood Alex, SI, CH,34.1,34.093044
Woodford Jake, SI, SL,26.7,26.760508
Woodford Jake, SI, FF,20.0,20.018715
Woodruff Brandon, FF, SI,33.7,32.9646
Woodruff Brandon, FF, CH,40.4,38.757908
Woodruff Brandon, FF, CU,31.3,30.321964
Woodruff Brandon, FF, SL,20.0,21.200954
Wright Kyle, CU, FF,16.7,16.878345
Wright Kyle, CU, SI,31.5,31.435776
Wright Kyle, CU, CH,29.5,29.7532
Wright Kyle, CU, SL,10.3,10.764581
Yacabonis Jimmy, SI, SL,29.3,29.1884
Yajure Miguel, CH, FF,17.9,17.168747
Yarbrough Ryan, FC, CU,33.6,33.605564
Yarbrough Ryan, FC, CH,40.3,40.386536
Yarbrough Ryan, FC, SI,10.4,10.614501
Ynoa Huascar, FF, SL,7.7,7.6316404
Zimmermann Bruce, FF, CH,34.0,34.518383
Zimmermann Bruce, FF, SL,43.0,41.35875
Zimmermann Bruce, FF, CU,30.8,30.855816
Zimmermann Bruce, FF, SI,23.5,23.625761
deGrom Jacob, FF, SL,59.5,58.77529
Álvarez José, SI, CH,39.1,39.183685
